{
	"info": {
		"_postman_id": "556edb09-5c3e-4d52-9163-5a46746b2313",
		"name": "Biblioteca",
		"schema": "https://schema.getpostman.com/json/collection/v2.1.0/collection.json"
	},
	"item": [
		{
			"name": "GET libros",
			"request": {
				"method": "GET",
				"header": [],
				"url": {
					"raw": "localhost:8000/api/libros",
					"host": [
						"localhost"
					],
					"port": "8000",
					"path": [
						"api",
						"libros"
					]
				}
			},
			"response": []
		},
		{
			"name": "GET libros/id",
			"request": {
				"method": "GET",
				"header": [],
				"url": {
					"raw": "localhost:8000/api/libros/1",
					"host": [
						"localhost"
					],
					"port": "8000",
					"path": [
						"api",
						"libros",
						"1"
					]
				}
			},
			"response": []
		},
		{
			"name": "POST libros",
			"request": {
				"method": "POST",
				"header": [],
				"body": {
					"mode": "raw",
					"raw": "{\"titulo\": \"Libro de prueba\", \"editorial\": \"Editorial de prueba\", \"precio\": 10, \"autor_id\": 1}",
					"options": {
						"raw": {
							"language": "json"
						}
					}
				},
				"url": {
					"raw": "localhost:8000/api/libros",
					"host": [
						"localhost"
					],
					"port": "8000",
					"path": [
						"api",
						"libros"
					]
				}
			},
			"response": []
		},
		{
			"name": "PUT libros",
			"request": {
				"method": "PUT",
				"header": [],
				"body": {
					"mode": "raw",
					"raw": "{\"titulo\": \"Titulo modificado\", \"editorial\": \"Editorial modificada\", \"precio\": 20, \"autor_id\": 1}",
					"options": {
						"raw": {
							"language": "json"
						}
					}
				},
				"url": {
					"raw": "localhost:8000/api/libros/11",
					"host": [
						"localhost"
					],
					"port": "8000",
					"path": [
						"api",
						"libros",
						"11"
					]
				}
			},
			"response": []
		},
		{
			"name": "DELETE libros",
			"request": {
				"method": "DELETE",
				"header": [],
				"url": {
					"raw": "localhost:8000/api/libros/1",
					"host": [
						"localhost"
					],
					"port": "8000",
					"path": [
						"api",
						"libros",
						"1"
					]
				}
			},
			"response": []
		}
	],
	"protocolProfileBehavior": {}
}